sqft,floors,lat,lng,year_built,zipcode
27644,3,37.786931,-122.430077,1945,94115
24494,6,37.737333,-122.469803,1958,94116
5858,5,37.774397,-122.41912,1994,94102
21427,8,37.794395,-122.403091,1938,94104
1570,7,37.788633,-122.421908,1930,94109
15849,8,37.787882,-122.404105,1929,94104
10012,15,37.793285,-122.406895,1905,94108
21103,1,37.790941,-122.422536,1912,94109
3883,15,37.739562,-122.403344,1939,94110
22330,14,37.788083,-122.41008,1970,94108
29128,1,37.778444,-122.425744,1978,94102
5517,6,37.789506,-122.406291,1932,94108
26279,5,37.743,-122.477102,1912,94116
23034,11,37.799395,-122.434278,1933,94123
27953,4,37.78595,-122.411795,1907,94108
9427,5,37.780278,-122.412783,1996,94103
15813,1,37.787681,-122.405705,1906,94108
22631,3,37.806263,-122.416144,1955,94111
3921,12,37.772468,-122.421177,1921,94102
26532,14,37.780995,-122.466213,1959,94118
18235,2,37.760269,-122.434935,1976,94114
12321,8,37.796978,-122.401939,1901,94104
15748,6,37.783442,-122.44725,1995,94115
8964,9,37.806973,-122.418105,1965,94111
10640,15,37.789856,-122.407063,1988,94108
15538,3,37.790172,-122.445585,1925,94115
22863,14,37.790479,-122.432501,1987,94115
8457,5,37.796513,-122.402784,1956,94104
12047,7,37.787053,-122.410628,1900,94108
14805,7,37.795069,-122.401553,1925,94104
18515,1,37.785267,-122.403312,1938,94104
16702,15,37.788726,-122.405,1912,94104
12628,14,37.807088,-122.418926,1927,94111
17570,11,37.797349,-122.403336,1908,94104
27822,6,37.793686,-122.401278,1949,94104
15062,13,37.766848,-122.419839,1905,94102
27420,13,37.787222,-122.421773,1981,94109
15421,11,37.780869,-122.412039,1937,94103
15081,5,37.768237,-122.4134,1984,94103
1297,11,37.781122,-122.460752,1985,94118
20924,7,37.743846,-122.438211,1906,94131
9127,7,37.769042,-122.422296,1912,94102
7833,3,37.779283,-122.414039,1912,94103
5215,2,37.79793,-122.400928,1950,94104
29131,1,37.80109,-122.411718,1963,94111
16936,6,37.786477,-122.43026,1969,94115
10404,9,37.773177,-122.421604,1905,94102
29876,11,37.797239,-122.399558,1904,94104
12174,4,37.767878,-122.419942,1900,94102
20224,3,37.792822,-122.406009,1967,94108
10001,12,37.780984,-122.463719,1977,94118
18514,13,37.801902,-122.409477,1929,94111
9075,14,37.782559,-122.409892,1990,94103
15692,14,37.788967,-122.410718,1935,94108
10268,14,37.76503,-122.419926,1964,94102
18878,2,37.764673,-122.432634,1967,94114
15809,6,37.789178,-122.409117,1970,94108
25764,9,37.761644,-122.419338,1904,94110
7980,2,37.723015,-122.443812,1911,94112
13754,11,37.805393,-122.422944,1962,94111
16017,13,37.790368,-122.403963,1913,94104
27542,3,37.77068,-122.417946,1938,94102
29308,3,37.789961,-122.40284,1934,94104
9536,13,37.789188,-122.40532,1973,94104
3679,10,37.793937,-122.407882,1929,94108
10290,1,37.783065,-122.419456,1932,94102
17822,2,37.760872,-122.435268,1966,94114
21153,9,37.738366,-122.497285,1985,94116
21354,15,37.795669,-122.409467,1998,94108
20431,5,37.788617,-122.420956,1974,94109
26856,1,37.807088,-122.418926,1907,94111
3742,4,37.755294,-122.418733,1964,94110
23686,14,37.789454,-122.406693,1942,94108
2444,6,37.787933,-122.403733,1907,94104
4461,11,37.795991,-122.423545,1903,94109
6506,12,37.786757,-122.420417,1911,94109
16177,6,37.77393,-122.420665,1986,94102
8034,8,37.769114,-122.419279,1994,94102
20105,7,37.789906,-122.400607,1973,94104
29997,1,37.788613,-122.405874,1923,94108
22229,5,37.773088,-122.43786,1924,94117
8821,4,37.788756,-122.421931,1965,94109
8497,14,37.7993,-122.408714,1999,94108
3486,10,37.782588,-122.410655,1988,94103
3925,12,37.785845,-122.407937,1933,94108
20701,3,37.771477,-122.419455,1944,94102
28037,12,37.804072,-122.405018,1932,94111
24102,1,37.79128,-122.39995,1978,94104
8306,1,37.79716,-122.404826,1942,94104
29868,14,37.79561,-122.400463,1942,94104
1406,1,37.79047,-122.402289,1987,94104
14988,8,37.786132,-122.417884,1995,94109
2429,7,37.7827,-122.409715,1921,94103
17641,14,37.788837,-122.404097,1961,94104
15917,11,37.779662,-122.503481,1992,94122
14550,14,37.796827,-122.400326,1912,94104
26631,15,37.78381,-122.408308,1910,94103
4836,9,37.782857,-122.406646,1909,94103
27644,13,37.784809,-122.407047,1931,94103
8088,5,37.807955,-122.415754,1941,94111
18635,11,37.792475,-122.405692,1911,94108
23008,4,37.79051,-122.406077,1983,94108
20947,14,37.780657,-122.423352,1932,94102
4581,2,37.798682,-122.400222,1991,94104
15958,13,37.793542,-122.407802,1945,94108
15851,5,37.790615,-122.40519,1954,94104
24164,3,37.788816,-122.404252,1957,94104
8456,7,37.773889,-122.414554,1967,94103
26683,5,37.75724,-122.418919,1923,94110
29600,11,37.788797,-122.412031,1958,94108
18661,4,37.793723,-122.401286,1927,94104
9880,2,37.800582,-122.400527,1983,94104
24344,5,37.785175,-122.40659,1953,94103
4223,10,37.778619,-122.41489,1955,94103
19459,8,37.753188,-122.416338,1979,94110
29166,8,37.77812,-122.415519,1900,94102
1368,3,37.796997,-122.401943,1914,94104
9824,12,37.775312,-122.420155,1942,94102
24356,3,37.787995,-122.410748,1982,94108
15074,12,37.796455,-122.40327,1925,94104
10364,11,37.79407,-122.398931,1933,94104
6528,2,37.785643,-122.406859,1946,94108
29270,10,37.789581,-122.391617,1928,94105
13625,10,37.757677,-122.418959,1968,94110
7282,3,37.799328,-122.408957,1917,94108
8968,9,37.797721,-122.407848,1900,94108
7393,6,37.787179,-122.404939,1989,94104
16928,3,37.776459,-122.41878,1958,94102
6015,4,37.797179,-122.401979,1944,94104
19894,12,37.783072,-122.411954,1909,94103
12627,14,37.780486,-122.47758,1969,94118
28469,5,37.789062,-122.409988,1979,94108
14240,10,37.800273,-122.4014,1969,94104
17860,11,37.788971,-122.403066,1985,94104
18499,3,37.786672,-122.413602,1951,94108
10327,4,37.789094,-122.409749,1964,94108
28534,15,37.793534,-122.397317,1924,94104
4145,15,37.787559,-122.414102,1970,94109
15241,10,37.793117,-122.400757,1931,94104
24220,2,37.789394,-122.407197,1952,94108
24735,13,37.782084,-122.450847,1959,94118
2688,9,37.790207,-122.408474,1941,94108
19217,5,37.790596,-122.404014,1968,94104
27234,9,37.763223,-122.485203,1928,94122
7445,13,37.795829,-122.403717,1926,94104
12648,5,37.805097,-122.43308,1924,94123
26884,10,37.792553,-122.405136,1996,94104
9627,4,37.753608,-122.418569,1974,94110
24498,14,37.787634,-122.406098,1945,94108
5544,10,37.756419,-122.418841,1912,94110
11598,1,37.777394,-122.438243,1933,94117
10471,6,37.793058,-122.406062,1982,94108
19873,7,37.779494,-122.432461,1921,94102
14681,10,37.764076,-122.415186,1991,94110
21722,14,37.790152,-122.403919,1980,94104
6944,14,37.78532,-122.406411,1947,94103
3484,4,37.775146,-122.421784,1924,94102
1848,4,37.78786,-122.404272,1913,94104
15045,11,37.787907,-122.406675,1972,94108
10821,7,37.78676,-122.404575,1918,94104
23507,7,37.784849,-122.408563,1999,94103
4882,8,37.79378,-122.40622,1959,94108
8270,15,37.768635,-122.414159,1916,94103
20181,10,37.763272,-122.483989,1966,94122
8025,2,37.799863,-122.402519,1936,94104
1210,10,37.789331,-122.407788,1931,94108
4750,14,37.78831,-122.445963,1918,94115
6022,8,37.794285,-122.402625,1936,94104
13287,8,37.791998,-122.39972,1995,94104
7568,2,37.801039,-122.424546,1981,94109
19936,14,37.785723,-122.407913,1905,94108
25901,5,37.773643,-122.411787,1976,94103
20274,5,37.790647,-122.402329,1910,94104
15246,3,37.788178,-122.409333,1995,94108
12428,3,37.780826,-122.469966,1909,94118
9097,14,37.795252,-122.400387,1934,94104
18047,2,37.780772,-122.412162,1971,94103
2876,14,37.795071,-122.40491,1981,94104
28996,2,37.787807,-122.404699,1981,94104
26826,15,37.789112,-122.406909,1979,94108
4983,5,37.800538,-122.40086,1962,94104
24621,10,37.788644,-122.405633,1963,94108
14526,5,37.801115,-122.401574,1954,94104
29268,6,37.788545,-122.403603,1978,94104
1004,9,37.784998,-122.419267,1926,94102
21804,1,37.793858,-122.402391,1934,94104
13106,11,37.789687,-122.404875,1931,94104
28774,10,37.805726,-122.425326,1930,94111
2615,5,37.76508,-122.41904,1990,94102
9267,15,37.797389,-122.403009,1922,94104
23712,6,37.791121,-122.422407,1953,94109
2507,11,37.796622,-122.403537,1927,94104
28060,5,37.789695,-122.404791,1942,94104
11867,10,37.788865,-122.403893,1931,94104
25267,11,37.784375,-122.439246,1924,94115
1250,11,37.782489,-122.40998,1980,94103
15799,10,37.773374,-122.415937,1974,94102
26036,11,37.782865,-122.408309,1924,94103
25111,15,37.772007,-122.420025,1932,94102
28714,6,37.803961,-122.415429,1985,94111
7315,15,37.788737,-122.404913,1946,94104
11200,3,37.788919,-122.411087,1909,94108
25856,5,37.752088,-122.476213,1970,94122
26634,2,37.773092,-122.422774,1905,94102
11853,8,37.793604,-122.397307,1938,94104
4085,4,37.781666,-122.492935,1960,94122
2584,6,37.804308,-122.43357,1954,94123
28256,10,37.774199,-122.421555,1992,94102
28423,13,37.786339,-122.421442,1924,94109
27991,10,37.774765,-122.419752,1935,94102
10416,7,37.800551,-122.400761,1929,94104
24522,12,37.791258,-122.400152,1908,94104
14785,1,37.781687,-122.408891,1949,94103
5063,3,37.796334,-122.405188,1942,94104
24009,1,37.792659,-122.40107,1932,94104
15387,8,37.78912,-122.40955,1918,94108
23681,12,37.785028,-122.419041,1973,94109
20814,10,37.779631,-122.413589,1943,94103
16949,6,37.791847,-122.400901,1960,94104
11290,7,37.777928,-122.41576,1916,94102
20589,4,37.783835,-122.432821,1996,94115
7751,13,37.743279,-122.470449,1907,94116
2721,7,37.785122,-122.440861,1932,94115
18157,12,37.790765,-122.420727,1970,94109
20993,3,37.785052,-122.418856,1903,94109
14085,11,37.797422,-122.402744,1956,94104
5870,2,37.807125,-122.416904,1918,94111
20985,14,37.783236,-122.418092,1984,94102
19324,6,37.791728,-122.400875,1979,94104
7618,13,37.781265,-122.460337,1966,94118
11350,8,37.794159,-122.403047,1939,94104
12562,2,37.783181,-122.459339,1964,94118
1153,12,37.765343,-122.421928,1976,94102
25748,10,37.788026,-122.41051,1901,94108
10324,14,37.763451,-122.480001,1965,94122
27304,15,37.804138,-122.415817,1922,94111
24008,12,37.792747,-122.403606,1987,94104
6161,15,37.785051,-122.411403,1902,94103
16767,1,37.796839,-122.400233,1970,94104
29726,10,37.786658,-122.408099,1940,94108
8586,1,37.797575,-122.403741,1904,94104
17511,2,37.780367,-122.480219,1985,94118
18981,1,37.792228,-122.400983,1905,94104
18350,11,37.793094,-122.402832,1978,94104
27772,14,37.777376,-122.416461,1963,94102
17446,14,37.789281,-122.408256,1901,94108
8176,14,37.754484,-122.414271,1985,94110
13309,2,37.781154,-122.419472,1949,94102
1563,13,37.797185,-122.404632,1960,94104
11928,14,37.793416,-122.397989,1981,94104
4844,12,37.8071,-122.409465,1910,94111
26557,12,37.790656,-122.404832,1925,94104
13124,4,37.800178,-122.400168,1913,94104
27410,2,37.783971,-122.419838,1967,94102
27063,1,37.786404,-122.406364,1908,94108
3260,3,37.77796,-122.41572,1988,94102
2189,9,37.798717,-122.407669,1994,94108
18972,8,37.806196,-122.420468,1976,94111
19884,6,37.787802,-122.419766,1910,94109
25285,14,37.796734,-122.405017,1929,94104
12847,13,37.793899,-122.406243,1962,94108
14652,6,37.793897,-122.398897,1902,94104
15904,11,37.788331,-122.403564,1985,94104
12920,1,37.789826,-122.411447,1992,94108
17208,15,37.788273,-122.406744,1912,94108
29937,10,37.794153,-122.401374,1994,94104
16180,13,37.784094,-122.418918,1941,94102
19055,4,37.79972,-122.437425,1952,94123
29307,14,37.790686,-122.422318,1990,94109
11867,2,37.767425,-122.419897,1903,94102
20257,4,37.794664,-122.399656,1952,94104
18987,14,37.787834,-122.403455,1999,94104
14531,1,37.806525,-122.421709,1934,94111
10106,13,37.784145,-122.404743,1984,94103
10666,14,37.79942,-122.409739,1943,94108
13409,9,37.802015,-122.42461,1906,94123
27901,7,37.785551,-122.430082,1917,94115
14162,3,37.773057,-122.453085,1934,94118
3026,13,37.798777,-122.443955,1974,94123
11097,13,37.752419,-122.41846,1927,94110
16970,14,37.793339,-122.398998,1904,94104
7777,7,37.782799,-122.409591,1941,94103
9772,1,37.795287,-122.405335,1972,94104
5986,8,37.7718,-122.409196,1979,94103
10016,6,37.787713,-122.406632,1972,94108
9259,12,37.783445,-122.412511,1970,94103
13929,4,37.788838,-122.422105,1922,94109
22575,2,37.789069,-122.408615,1969,94108
11367,2,37.785901,-122.407948,1996,94108
25670,2,37.787647,-122.405982,1998,94108
22614,2,37.79297,-122.404505,1912,94104
23898,13,37.755935,-122.389077,1914,94107
2342,10,37.787821,-122.4219,1938,94109
19036,1,37.771034,-122.44642,1995,94117
4652,2,37.789055,-122.405293,1946,94104
28713,3,37.770115,-122.425531,1923,94102
20301,2,37.775862,-122.418364,1928,94102
9264,12,37.802923,-122.401921,1972,94111
20982,5,37.797114,-122.403644,1928,94104
2406,9,37.772456,-122.422523,1966,94102
16181,15,37.783138,-122.440345,1928,94115
3859,4,37.786402,-122.411415,1931,94108
4332,10,37.78293,-122.40674,1908,94103
25030,7,37.794108,-122.401365,1909,94104
20158,12,37.731511,-122.449537,1927,94127
23872,6,37.788081,-122.412307,1966,94108
20173,13,37.785767,-122.428627,1965,94109
7904,1,37.801096,-122.425858,1934,94123
29161,4,37.803155,-122.402769,1912,94111
18531,15,37.800121,-122.441709,1987,94123
2053,14,37.794758,-122.406405,1916,94108
12452,8,37.786915,-122.406468,1953,94108
28896,1,37.789558,-122.403794,1991,94104
1657,2,37.793226,-122.4061,1968,94108
25327,4,37.788925,-122.408556,1998,94108
4788,11,37.790255,-122.402242,1952,94104
13512,12,37.771703,-122.420746,1906,94102
16706,3,37.799864,-122.409074,1997,94108
15976,15,37.800218,-122.43347,1937,94123
20846,13,37.787556,-122.446835,1996,94115
3087,11,37.805863,-122.411652,1900,94111
3077,3,37.799553,-122.398857,1917,94104
9823,12,37.791462,-122.402497,1932,94104
2660,11,37.768055,-122.413378,1913,94103
25926,14,37.79134,-122.434341,1905,94115
24276,5,37.776651,-122.419485,1984,94102
15979,1,37.787937,-122.435341,1983,94115
29271,5,37.782383,-122.448788,1925,94118
19479,9,37.789556,-122.401041,1970,94104
27565,13,37.791998,-122.409605,2000,94108
6033,3,37.744422,-122.43917,1952,94131
18966,6,37.799835,-122.435733,1907,94123
10763,6,37.793915,-122.400111,1910,94104
7316,13,37.792937,-122.402185,1999,94104
6118,13,37.770764,-122.407875,1995,94103
2060,7,37.78704,-122.404236,1925,94104
18099,4,37.789175,-122.409138,1961,94108
18181,1,37.791124,-122.401272,1925,94104
17674,8,37.781524,-122.455207,1925,94118
26758,8,37.79041,-122.406898,1921,94108
1258,15,37.792582,-122.405955,1997,94108
17655,5,37.768993,-122.413464,1949,94103
29692,3,37.793328,-122.399087,1935,94104
24848,12,37.787007,-122.410987,1971,94108
17794,12,37.801072,-122.426773,1932,94123
27084,15,37.793184,-122.400239,1913,94104
15363,11,37.800886,-122.42747,1923,94123
11398,6,37.793451,-122.402905,1910,94104
11323,1,37.794086,-122.423016,1963,94109
27103,3,37.775966,-122.418233,1940,94102
14584,6,37.784755,-122.407718,1903,94103
6467,8,37.79197,-122.402015,1914,94104
5799,7,37.763726,-122.414668,1945,94110
5106,4,37.788668,-122.405446,1954,94104
22932,7,37.794426,-122.407987,1961,94108
7505,11,37.789259,-122.401408,1987,94104
21307,11,37.806981,-122.413874,1944,94111
18194,7,37.787171,-122.447224,1956,94115
12323,6,37.740728,-122.403339,1956,94110
17130,11,37.788158,-122.406723,1986,94108
17011,8,37.786891,-122.402807,1906,94104
2280,7,37.802385,-122.403023,1962,94111
11086,9,37.786687,-122.409785,1950,94108
11390,12,37.808359,-122.414638,1946,94111
9216,1,37.739336,-122.479727,1922,94116
7421,4,37.792382,-122.398959,1958,94104
9316,5,37.794405,-122.400208,1934,94104
22369,2,37.786899,-122.411854,1928,94108
6293,4,37.781313,-122.459266,1902,94118
1908,13,37.787107,-122.410226,1956,94108
16417,2,37.801895,-122.401722,1936,94111
23589,1,37.760051,-122.419185,1915,94110
8865,8,37.769415,-122.422333,1990,94102
4022,7,37.799646,-122.400359,1938,94104
8995,6,37.792637,-122.399849,1944,94104
2891,1,37.80791,-122.415745,1926,94111
12051,1,37.790269,-122.42315,1927,94109
14507,3,37.789575,-122.405777,1999,94108
26336,9,37.787325,-122.403885,1985,94104
17704,4,37.782795,-122.421539,1947,94102
12274,3,37.789286,-122.402058,1951,94104
18173,1,37.781025,-122.462825,1988,94118
12005,4,37.78871,-122.408513,1964,94108
3235,4,37.808035,-122.409609,1908,94111
17353,2,37.769194,-122.453231,1991,94117
12642,2,37.788749,-122.403634,1914,94104
19822,6,37.793679,-122.396701,1965,94105
5776,5,37.791131,-122.401213,1915,94104
19551,13,37.771304,-122.419536,1934,94102
29948,14,37.795813,-122.400975,1957,94104
18723,4,37.781478,-122.491293,1980,94122
13698,11,37.781072,-122.461796,1919,94118
29539,13,37.785185,-122.422981,1963,94109
1668,6,37.77399,-122.438179,1915,94117
9071,2,37.80413,-122.402508,1925,94111
8904,3,37.800092,-122.441931,1970,94123
15245,15,37.775389,-122.449783,1992,94118
10496,8,37.789608,-122.400976,1927,94104
24407,11,37.792682,-122.404103,1954,94104
1272,13,37.788218,-122.421979,1920,94109
6535,14,37.760036,-122.413753,1930,94110
3071,6,37.783785,-122.419321,1935,94102
21666,4,37.806155,-122.422149,1984,94111
22989,12,37.797238,-122.404207,1929,94104
23715,15,37.775847,-122.494277,1953,94122
29390,2,37.794146,-122.42318,1968,94109
6005,12,37.788559,-122.40629,1962,94108
14339,8,37.790316,-122.405517,1957,94108
3729,12,37.798923,-122.408165,1993,94108
8616,8,37.800018,-122.401349,1927,94104
6052,8,37.787194,-122.40405,1902,94104
5026,4,37.791259,-122.400143,1949,94104
5653,1,37.787776,-122.421737,1993,94109
10268,1,37.779981,-122.413661,1960,94103
6988,3,37.787461,-122.422497,1999,94109
2274,2,37.800341,-122.40228,1915,94104
4587,7,37.784792,-122.413423,1935,94103
26932,15,37.792434,-122.402696,1902,94104
27772,14,37.769158,-122.415646,1964,94102
19139,5,37.798367,-122.402724,1982,94104
21902,5,37.766827,-122.429667,1977,94117
6028,14,37.791493,-122.422649,1918,94109
17815,9,37.79204,-122.401451,1937,94104
3237,8,37.789298,-122.403741,1940,94104
22805,1,37.787558,-122.403576,1934,94104
11831,11,37.793407,-122.398442,1932,94104
10118,15,37.772554,-122.413162,1918,94103
11269,11,37.765132,-122.418221,1916,94102
8036,11,37.729532,-122.475982,1991,94132
23455,6,37.783206,-122.407093,1989,94103
17316,6,37.790555,-122.400618,1954,94104
10768,15,37.787794,-122.41226,1950,94108
23396,1,37.794454,-122.403102,1985,94104
8345,3,37.764067,-122.418591,1957,94110
8832,13,37.798383,-122.4026,1973,94104
23291,4,37.785879,-122.412372,1911,94108
23906,11,37.805639,-122.405873,1972,94111
1498,4,37.780953,-122.467181,1985,94118
17121,14,37.784809,-122.407047,1935,94103
19512,8,37.790181,-122.422379,1912,94109
28710,11,37.778518,-122.421628,1962,94102
17115,2,37.787718,-122.405419,1934,94104
29743,7,37.78502,-122.407772,1928,94103
15399,10,37.786754,-122.405531,1986,94108
19713,8,37.770849,-122.412762,1965,94103
23186,4,37.783404,-122.439254,1917,94115
26443,14,37.781361,-122.458108,1917,94118
25711,12,37.806517,-122.41411,1911,94111
28427,7,37.791431,-122.398665,1988,94104
28427,6,37.787034,-122.410771,1969,94108
16097,6,37.785698,-122.406351,1954,94108
25779,4,37.762119,-122.41457,1999,94110
1725,2,37.785023,-122.434291,1923,94115
21634,8,37.770465,-122.412693,1917,94103
14386,4,37.781586,-122.454736,1977,94118
1375,6,37.784348,-122.416928,1966,94102
12273,3,37.79166,-122.40086,1928,94104
2889,7,37.786889,-122.459547,1950,94118
26838,3,37.772221,-122.423109,1915,94102
20389,9,37.790787,-122.4038,2000,94104
7801,9,37.788637,-122.405691,1996,94108
21786,8,37.800049,-122.402555,1911,94104
24213,13,37.788523,-122.40234,1999,94104
25264,13,37.770251,-122.417599,1995,94102
10405,8,37.801014,-122.426448,1934,94123
27389,9,37.788785,-122.434796,1947,94115
1200,7,37.79722,-122.400791,1974,94104
10019,7,37.786915,-122.404388,1920,94104
8713,7,37.789569,-122.405823,1960,94108
4162,11,37.79419,-122.399762,1936,94104
9234,3,37.791326,-122.405716,1994,94108
13522,14,37.773163,-122.417503,1927,94102
7197,10,37.794901,-122.422539,1972,94109
16694,12,37.785452,-122.421263,1932,94109
11878,12,37.770654,-122.419791,1936,94102
11968,11,37.785845,-122.412638,1919,94108
2976,11,37.786388,-122.40636,1998,94108
18224,9,37.787397,-122.423011,1928,94109
3066,4,37.794796,-122.401499,1908,94104
7971,12,37.782501,-122.416355,1970,94102
15968,8,37.795625,-122.402501,1981,94104
11811,11,37.772386,-122.410284,1948,94103
27677,5,37.795832,-122.403375,1965,94104
27531,10,37.80564,-122.405865,1989,94111
4527,14,37.792611,-122.404672,1983,94104
22415,6,37.792537,-122.401046,1965,94104
13390,12,37.778047,-122.415611,1952,94102
12843,4,37.788345,-122.408013,1912,94108
29968,10,37.806798,-122.419488,1991,94111
9073,8,37.792016,-122.401638,1955,94104
22241,13,37.753724,-122.488472,1951,94122
23719,7,37.790445,-122.421709,1913,94109
3297,11,37.80528,-122.416327,1938,94111
13390,12,37.792453,-122.399813,1934,94104
15554,12,37.793114,-122.400779,1991,94104
7806,12,37.792192,-122.400322,1922,94104
3771,9,37.793038,-122.401382,1961,94104
16923,2,37.782934,-122.464937,1935,94118
27809,6,37.785434,-122.438406,1946,94115
25912,13,37.786884,-122.406462,1999,94108
12403,8,37.774768,-122.464924,1942,94118
24791,13,37.781982,-122.412933,1994,94103
3316,3,37.756158,-122.418816,1975,94110
23162,1,37.792217,-122.400137,1940,94104
15405,14,37.795106,-122.396158,1997,94105
12317,8,37.797731,-122.403772,1949,94104
29200,11,37.788127,-122.409735,1932,94108
19551,14,37.799417,-122.439794,1941,94123
14039,2,37.786837,-122.421548,1938,94109
13565,5,37.779904,-122.487389,1955,94122
10697,15,37.804708,-122.405808,1924,94111
5814,14,37.807792,-122.414042,1997,94111
3401,7,37.788193,-122.411781,1905,94108
19921,2,37.790257,-122.408083,1926,94108
16339,9,37.789851,-122.411246,1988,94108
15080,15,37.788408,-122.422587,1954,94109
14351,14,37.8074,-122.410603,1911,94111
12025,1,37.753899,-122.484331,1974,94122
17989,15,37.788943,-122.410904,1925,94108
7276,13,37.773151,-122.41085,1954,94103
27989,4,37.78411,-122.429531,1920,94102
2363,15,37.790357,-122.432476,1974,94115
10350,9,37.763038,-122.509725,1999,94122
2979,11,37.803897,-122.415464,1992,94111
16176,7,37.788035,-122.417968,1934,94109
29422,2,37.780941,-122.477281,1911,94118
6353,2,37.785553,-122.430061,1967,94115
21560,3,37.789609,-122.417122,1936,94109
17353,15,37.797536,-122.401841,1993,94104
27692,15,37.807616,-122.420646,1909,94111
19456,15,37.781967,-122.413048,1926,94103
22519,11,37.742046,-122.498723,1953,94116
3865,10,37.791412,-122.400806,1916,94104
6689,13,37.771074,-122.41066,1985,94103
25318,11,37.789656,-122.405204,1933,94104
8141,6,37.791103,-122.445422,1925,94115
19734,1,37.788621,-122.405811,1985,94108
3760,15,37.774684,-122.412799,1921,94103
12480,5,37.773597,-122.419307,1968,94102
18549,15,37.805634,-122.415311,1960,94111
9766,14,37.795117,-122.403233,1939,94104
23198,2,37.780476,-122.477792,1930,94118
25897,1,37.794781,-122.400288,1961,94104
6959,5,37.792011,-122.399722,1963,94104
22811,13,37.782272,-122.439317,1943,94115
18946,12,37.7713,-122.415959,1904,94102
16472,8,37.785218,-122.432679,1959,94115
29295,8,37.799839,-122.402514,1981,94104
26929,7,37.791978,-122.422575,1926,94109
16206,5,37.806604,-122.4211,1911,94111
29425,12,37.782379,-122.407412,1918,94103
1871,13,37.794179,-122.398952,1938,94104
13561,4,37.770613,-122.407687,1939,94103
28150,6,37.784843,-122.439845,1977,94115
16368,13,37.792606,-122.404716,1910,94104
20999,5,37.785151,-122.406621,1995,94103
3318,10,37.789736,-122.408673,1905,94108
29479,8,37.787186,-122.409591,1956,94108
28364,11,37.785438,-122.423258,1948,94109
27656,11,37.807512,-122.415665,1908,94111
8433,12,37.795673,-122.402059,1936,94104
26201,6,37.787209,-122.447433,1962,94115
2257,14,37.786543,-122.433368,1928,94115
15358,2,37.763606,-122.416711,1985,94110
17950,12,37.791547,-122.399629,1958,94104
22953,5,37.780669,-122.412294,1952,94103
2250,15,37.774592,-122.41507,1965,94102
26811,2,37.785406,-122.405356,1997,94104
26056,2,37.793867,-122.402309,1906,94104
26686,1,37.765049,-122.415279,1985,94102
16798,1,37.790619,-122.405158,1905,94104
14353,3,37.800127,-122.409123,1989,94108
27549,4,37.754052,-122.418611,1950,94110
8439,14,37.724308,-122.435096,1931,94112
12373,9,37.792999,-122.401706,1974,94104
27747,10,37.78985,-122.403654,1969,94104
28882,7,37.780934,-122.409857,1934,94103
19924,14,37.789483,-122.406467,1954,94108
20274,7,37.765507,-122.41971,1995,94102
26944,15,37.784475,-122.421067,1926,94102
13944,3,37.784904,-122.406928,1918,94103
3959,13,37.77862,-122.42433,1916,94102
18399,5,37.761001,-122.414892,1964,94110
17208,14,37.783928,-122.409231,1994,94103
2511,4,37.795106,-122.396158,1984,94105
5599,12,37.781919,-122.41341,1932,94103
26971,8,37.769819,-122.407293,1903,94103
27524,5,37.765394,-122.414022,1984,94103
3104,14,37.791521,-122.402509,1947,94104
24348,2,37.794583,-122.401459,1974,94104
19409,10,37.76873,-122.422265,1973,94102
5778,7,37.763116,-122.419496,1999,94110
27671,2,37.79936,-122.41022,1919,94108
16886,2,37.783602,-122.409164,1997,94103
3564,15,37.788528,-122.406534,1998,94108
7760,2,37.763836,-122.471152,1920,94122
5977,14,37.780189,-122.481229,1985,94118
28646,4,37.765942,-122.415364,1932,94102
15562,13,37.789745,-122.422127,1990,94109
16536,6,37.741759,-122.403365,1928,94110
1756,11,37.797368,-122.402017,1973,94104
29036,13,37.793771,-122.398873,1902,94104
15434,5,37.782393,-122.419041,1933,94102
23115,15,37.790697,-122.404484,1967,94104
27209,9,37.78372,-122.421807,1996,94102
25169,3,37.786995,-122.411084,1903,94108
22086,1,37.788751,-122.412405,1972,94108
2498,10,37.764353,-122.415212,1942,94110
14158,4,37.773234,-122.418276,1912,94102
15546,11,37.792508,-122.405452,1972,94104
5263,14,37.788531,-122.406505,1905,94108
16607,7,37.788773,-122.404604,1986,94104
8590,5,37.782668,-122.470286,1939,94118
2538,9,37.790992,-122.405645,1909,94108
9259,5,37.760809,-122.436422,1908,94114
18821,4,37.795699,-122.40335,1921,94104
15241,7,37.799834,-122.401312,1985,94104
16412,5,37.790654,-122.404844,1974,94104
27501,4,37.771134,-122.414801,1978,94103
9477,9,37.789232,-122.403727,1920,94104
21946,3,37.794966,-122.397302,1970,94104
24526,2,37.775648,-122.415448,1993,94102
26084,6,37.743138,-122.473882,1925,94116
15222,12,37.798682,-122.40022,1948,94104
1105,5,37.787791,-122.450058,1991,94115
27365,2,37.805136,-122.405268,1943,94111
24829,10,37.791069,-122.422564,1906,94109
20726,14,37.795223,-122.405848,1935,94108
9859,4,37.769306,-122.408214,1976,94103
15168,4,37.806186,-122.416746,1904,94111
3200,9,37.765606,-122.415332,1963,94102
7577,3,37.781424,-122.408137,1998,94103
20158,2,37.794368,-122.401958,1905,94104
3664,4,37.788248,-122.40878,1949,94108
10730,7,37.789094,-122.409748,1947,94108
17498,2,37.79238,-122.406513,1979,94108
12938,7,37.795422,-122.400424,1919,94104
23298,10,37.781519,-122.418866,1928,94102
28849,5,37.793159,-122.400437,1926,94104
26561,11,37.781217,-122.477302,1922,94118
18377,2,37.798255,-122.400991,1903,94104
27491,13,37.788991,-122.410533,1986,94108
28576,12,37.792366,-122.422821,1967,94109
13989,10,37.786424,-122.423243,1940,94109
1655,9,37.765463,-122.42194,1948,94102
6003,7,37.769586,-122.419995,1902,94102
19253,9,37.787249,-122.409071,1981,94108
11229,10,37.787071,-122.440559,1928,94115
27437,5,37.795193,-122.399174,1917,94104
12709,11,37.771908,-122.409332,1961,94103
27151,10,37.786068,-122.407981,1996,94108
19068,6,37.788577,-122.406153,1993,94108
27735,7,37.773037,-122.423202,1993,94102
6492,14,37.797532,-122.399629,1940,94104
23913,3,37.797959,-122.402139,1950,94104
20946,14,37.764489,-122.41344,1981,94110
22593,5,37.787863,-122.40425,1954,94104
26827,9,37.795303,-122.398423,1981,94104
8360,9,37.771939,-122.416771,1955,94102
12257,5,37.781805,-122.410836,1960,94103
15250,7,37.786521,-122.407383,1902,94108
9901,8,37.788396,-122.407609,1998,94108
12338,5,37.789138,-122.409419,1969,94108
27548,15,37.767878,-122.419942,1992,94102
1940,2,37.796813,-122.402488,1956,94104
2766,8,37.745059,-122.452481,1927,94131
20128,10,37.786755,-122.412952,1909,94108
21596,13,37.787035,-122.404912,1930,94104
18997,14,37.802142,-122.403224,1988,94111
12643,11,37.778373,-122.415199,1925,94102
10826,12,37.790796,-122.402362,1978,94104
25634,11,37.799423,-122.439012,1922,94123
20392,12,37.787503,-122.422161,1967,94109
28013,15,37.799173,-122.424049,1903,94109
20987,11,37.764508,-122.413034,1948,94110
10926,8,37.792122,-122.399746,1918,94104
22511,8,37.770012,-122.415468,1912,94102
10162,11,37.78653,-122.407308,1955,94108
15354,9,37.807195,-122.416366,1985,94111
14446,8,37.789211,-122.408868,1933,94108
29272,10,37.786081,-122.406299,1953,94108
2890,8,37.765362,-122.414526,1936,94103
3503,5,37.755458,-122.418399,1976,94110
8832,2,37.791988,-122.40187,1910,94104
29224,15,37.787875,-122.408345,1930,94108
26236,13,37.802027,-122.411696,1959,94111
12764,4,37.762128,-122.414427,1973,94110
22124,11,37.772505,-122.414836,1918,94103
13494,15,37.787472,-122.409946,1958,94108
2816,14,37.761641,-122.42258,1989,94110
2851,6,37.786815,-122.4125,1928,94108
15754,10,37.785642,-122.41126,1913,94108
4623,1,37.801462,-122.401093,1958,94104
26902,7,37.754325,-122.418638,1965,94110
17047,12,37.771147,-122.413132,1976,94103
10228,1,37.769936,-122.407141,1904,94103
1946,5,37.781905,-122.413517,1962,94103
10748,7,37.787308,-122.423699,1993,94109
7810,3,37.800148,-122.441505,1940,94123
29111,12,37.775243,-122.43781,1973,94117
7860,6,37.801235,-122.425518,1997,94123
22149,10,37.780204,-122.412874,1994,94103
2130,12,37.789357,-122.407541,1994,94108
27353,6,37.788627,-122.405763,1976,94108
18474,15,37.788211,-122.409072,1950,94108
27829,2,37.802774,-122.403106,1947,94111
29837,15,37.793271,-122.399549,1913,94104
11036,6,37.743033,-122.470208,1967,94116
21689,13,37.798238,-122.400987,1950,94104
28666,15,37.788776,-122.404585,1930,94104
2088,5,37.800151,-122.401375,1982,94104
12434,1,37.751497,-122.430832,1993,94131
3146,8,37.792262,-122.443254,1934,94115
4844,9,37.794098,-122.404034,1930,94104
8212,14,37.791409,-122.406505,1975,94108
16271,10,37.794906,-122.403189,1926,94104
15573,11,37.792324,-122.402672,1947,94104
9941,3,37.76287,-122.41507,1967,94110
19885,7,37.769865,-122.416829,1934,94102
14665,13,37.787648,-122.420995,1930,94109
19075,12,37.791889,-122.422558,1987,94109
9217,6,37.790826,-122.403527,1975,94104
9402,13,37.794812,-122.398499,1936,94104
18419,7,37.786069,-122.410864,1922,94108
3183,8,37.786632,-122.413921,1952,94108
1187,4,37.805766,-122.412426,1985,94111
22371,13,37.783662,-122.439601,1967,94115
28486,13,37.78182,-122.41419,1970,94103
12267,15,37.785095,-122.406691,1920,94103
26399,1,37.782373,-122.413971,1983,94103
1048,3,37.786143,-122.405358,1957,94104
21552,8,37.782373,-122.410124,1904,94103
15115,9,37.797724,-122.40782,1999,94108
2693,5,37.793268,-122.399572,1925,94104
10840,2,37.801296,-122.400395,1910,94104
5894,2,37.787814,-122.41212,1991,94108
9623,6,37.792881,-122.422925,1924,94109
21706,11,37.789561,-122.417112,1930,94109
29310,13,37.795122,-122.401564,1913,94104
10779,2,37.793425,-122.4029,1999,94104
19649,11,37.764295,-122.417397,1941,94110
1261,4,37.781445,-122.411299,1929,94103
16180,13,37.762141,-122.414223,1918,94110
29633,12,37.78706,-122.410578,1982,94108
8426,10,37.785445,-122.408405,1952,94108
21963,11,37.786967,-122.411314,1959,94108
29572,6,37.789894,-122.418344,1915,94109
4683,12,37.79244,-122.401026,1913,94104
3399,15,37.754175,-122.412839,1979,94110
5758,12,37.78971,-122.40085,1923,94104
21650,4,37.799616,-122.402472,1994,94104
10365,9,37.79,-122.402557,1909,94104
16277,9,37.7855,-122.408094,1913,94108
11895,8,37.781446,-122.412105,1961,94103
26179,7,37.795101,-122.40686,1915,94108
9813,11,37.78111,-122.411729,1926,94103
5594,6,37.767892,-122.415563,1916,94102
1577,1,37.762347,-122.419414,1969,94110
15494,10,37.782224,-122.465448,1963,94118
13729,11,37.78404,-122.404878,1965,94103
5488,7,37.782103,-122.412002,1947,94103
9727,12,37.796275,-122.403463,1923,94104
6824,15,37.805072,-122.405256,1902,94111
14488,9,37.782007,-122.410578,1972,94103
29739,14,37.73594,-122.503129,1924,94116
24263,5,37.739715,-122.402787,1979,94110
17949,3,37.781306,-122.456646,1968,94118
15930,3,37.798832,-122.399059,1907,94104
28193,1,37.775726,-122.496986,1902,94122
4112,8,37.794443,-122.423086,1972,94109
12525,5,37.789704,-122.402127,1926,94104
13216,6,37.789079,-122.406903,1922,94108
1816,5,37.754977,-122.418702,1955,94110
2132,14,37.764748,-122.416345,1999,94110
19328,3,37.797366,-122.400819,1925,94104
19868,4,37.804994,-122.413482,1937,94111
25600,1,37.76481,-122.419649,1969,94110
13126,13,37.796566,-122.402446,1974,94104
7372,14,37.762195,-122.412829,1958,94110
1033,14,37.781951,-122.413166,1950,94103
19463,4,37.774593,-122.416789,1993,94102
22425,12,37.786304,-122.409085,1923,94108
13682,13,37.777396,-122.418822,1953,94102
21164,2,37.784215,-122.410435,1952,94103
10268,12,37.793939,-122.403004,1998,94104
22667,7,37.788419,-122.407416,1929,94108
2515,4,37.779759,-122.411614,1961,94103
18213,5,37.795695,-122.40925,1927,94108
23126,10,37.778217,-122.415397,2000,94102
23219,2,37.793636,-122.402943,1958,94104
11524,8,37.788751,-122.404804,1950,94104
19095,12,37.792059,-122.401309,1970,94104
8223,1,37.787493,-122.404997,1921,94104
5195,15,37.76468,-122.41865,1913,94110
2394,15,37.781253,-122.411545,1985,94103
3692,12,37.770524,-122.414142,1938,94103
21545,11,37.786573,-122.408082,1994,94108
10340,10,37.782146,-122.44946,1967,94118
18494,10,37.791349,-122.404164,1983,94104
11159,7,37.757462,-122.418939,1940,94110
6165,3,37.79547,-122.423438,1991,94109
15149,8,37.775581,-122.415533,1960,94102
22164,1,37.781769,-122.414614,1962,94103
4687,8,37.77799,-122.413832,1966,94103
1146,3,37.789545,-122.421092,1939,94109
16782,10,37.775079,-122.452158,1920,94118
16417,6,37.791602,-122.405032,1935,94104
15196,8,37.789161,-122.416681,1905,94109
16144,2,37.787406,-122.407993,1984,94108
10069,8,37.783609,-122.420898,1960,94102
5781,9,37.795507,-122.401639,1907,94104
25599,14,37.803277,-122.414835,1964,94111
15323,14,37.793033,-122.401426,1963,94104
27600,8,37.769399,-122.426413,1932,94117
15065,12,37.789118,-122.40957,1924,94108
1712,8,37.788376,-122.422821,1931,94109
19520,8,37.774889,-122.416414,1961,94102
1446,3,37.739897,-122.401133,1951,94110
1761,12,37.782866,-122.409506,1999,94103
7004,10,37.788574,-122.416912,1914,94109
21828,7,37.796512,-122.406757,1937,94108
19747,9,37.791159,-122.401002,1940,94104
6067,9,37.771541,-122.413624,1988,94103
20870,15,37.760606,-122.413234,1974,94110
9315,6,37.796834,-122.407445,1937,94108
28340,2,37.753348,-122.418545,1921,94110
26274,7,37.79746,-122.399612,1964,94104
23113,9,37.784103,-122.421157,1950,94102
16569,7,37.789338,-122.40772,1947,94108
8451,8,37.784458,-122.438616,1985,94115
19385,4,37.775803,-122.415249,1916,94102
14253,11,37.787733,-122.405297,1966,94104
5590,13,37.798086,-122.402166,1981,94104
29009,7,37.787972,-122.41092,1938,94108
21122,11,37.761978,-122.435104,1952,94114
10448,7,37.786262,-122.411388,1997,94108
20106,8,37.786995,-122.411079,1929,94108
13924,14,37.77228,-122.40112,1986,94158
26351,12,37.789737,-122.404434,1972,94104
18870,12,37.781157,-122.468589,1959,94118
28426,2,37.78589,-122.45756,1916,94118
14302,5,37.781903,-122.407536,1921,94103
15655,10,37.788495,-122.406786,1977,94108
9343,8,37.790694,-122.404508,1969,94104
14464,2,37.799772,-122.4013,1920,94104
4348,10,37.79667,-122.404922,1944,94104
12313,5,37.787377,-122.446143,1974,94115
2210,5,37.784494,-122.421236,1935,94102
22060,9,37.808125,-122.4165,1903,94111
3608,6,37.807031,-122.417639,1990,94111
29630,3,37.800919,-122.429529,1940,94123
5592,8,37.768664,-122.413736,1935,94103
9087,3,37.770586,-122.422438,1988,94102
14890,4,37.794185,-122.396566,1974,94105
24518,9,37.77996,-122.486183,1992,94122
15733,15,37.775712,-122.414078,1996,94103
25805,3,37.79382,-122.407855,1953,94108
3697,15,37.773018,-122.453393,1945,94118
12640,4,37.789936,-122.403035,1914,94104
20939,11,37.7972,-122.404527,1906,94104
22651,11,37.784809,-122.407047,1961,94103
21503,4,37.800269,-122.402894,1975,94104
6331,10,37.793247,-122.399747,1994,94104
20052,13,37.79993,-122.400115,1923,94104
28755,1,37.788204,-122.402745,1903,94104
1714,13,37.772871,-122.415849,1954,94102
1677,12,37.789368,-122.407435,1964,94108
25594,8,37.78598,-122.423881,1969,94109
6862,5,37.79197,-122.402016,1903,94104
10362,8,37.789909,-122.408809,1958,94108
10284,7,37.782976,-122.409368,1902,94103
18503,11,37.787335,-122.40992,1982,94108
26190,10,37.787264,-122.416412,1970,94109
23639,1,37.788807,-122.404315,1941,94104
25382,5,37.761786,-122.414966,1901,94110
20620,7,37.735554,-122.502397,1910,94116
20320,3,37.795964,-122.402818,1967,94104
8503,11,37.807599,-122.413124,1914,94111
18258,6,37.800796,-122.409249,1973,94111
3952,1,37.805696,-122.412973,1921,94111
11153,1,37.803304,-122.414528,1903,94111
13918,7,37.794102,-122.421751,1929,94109
28080,14,37.778336,-122.415246,1945,94102
11476,5,37.785038,-122.429718,1954,94109
22602,11,37.785316,-122.431895,1972,94115
26741,3,37.787666,-122.405822,1958,94108
5910,8,37.789924,-122.403126,1971,94104
11404,13,37.784326,-122.408467,1985,94103
15586,9,37.78429,-122.417402,1967,94102
2790,10,37.753977,-122.482592,1913,94122
4937,3,37.782439,-122.448349,1942,94118
9055,1,37.797593,-122.401381,1985,94104
13697,7,37.800266,-122.401399,1932,94104
17860,11,37.797949,-122.403003,1971,94104
19455,13,37.805552,-122.417773,1956,94111
1043,15,37.789991,-122.403888,1976,94104
20550,7,37.792382,-122.398962,1968,94104
1522,4,37.789694,-122.404803,1955,94104
6107,7,37.787329,-122.408503,1909,94108
2894,13,37.790455,-122.406536,1981,94108
20944,8,37.806354,-122.415442,1965,94111
15044,5,37.768701,-122.427535,1970,94117
16305,15,37.780641,-122.415906,1982,94102
18597,1,37.780572,-122.475642,1913,94118
10136,7,37.785673,-122.429251,1946,94109
20228,13,37.793699,-122.403661,1951,94104
17788,11,37.80061,-122.409213,1999,94111
16310,7,37.739141,-122.479395,2000,94116
16364,13,37.796766,-122.407972,1902,94108
4999,8,37.782778,-122.443222,1969,94115
19088,12,37.787067,-122.423372,1967,94109
19409,2,37.740818,-122.402418,1943,94110
17211,13,37.779017,-122.414381,1975,94103
27210,11,37.789158,-122.409267,1997,94108
23950,13,37.781916,-122.410694,1981,94103
3833,1,37.793055,-122.406061,1962,94108
21029,5,37.791874,-122.399694,1952,94104
5796,7,37.780676,-122.412286,1945,94103
21564,14,37.786538,-122.409755,1926,94108
28494,5,37.782135,-122.450417,1980,94118
25494,13,37.793302,-122.399294,1991,94104
7187,8,37.806452,-122.414645,1909,94111
18672,10,37.780084,-122.486329,1923,94122
3035,15,37.7951,-122.408124,1967,94108
19711,5,37.781988,-122.412886,1935,94103
9736,9,37.786222,-122.406327,1938,94108
4465,7,37.758861,-122.415262,1978,94110
14323,1,37.776655,-122.45505,1968,94118
25478,4,37.789786,-122.404079,1936,94104
12188,13,37.770303,-122.42552,1958,94102
26360,3,37.791452,-122.406179,1978,94108
11101,10,37.785613,-122.409575,1946,94108
23425,4,37.793648,-122.39695,1911,94104
14067,13,37.795322,-122.419442,1922,94109
18110,12,37.791708,-122.40743,1969,94108
25059,12,37.79242,-122.406165,1916,94108
18811,10,37.788854,-122.403979,1998,94104
12881,15,37.781342,-122.40824,1914,94103
2740,14,37.807019,-122.417737,1958,94111
23041,5,37.795888,-122.400387,1960,94104
28317,4,37.793178,-122.400289,1990,94104
16673,8,37.788609,-122.421018,1908,94109
16060,13,37.801803,-122.401703,1973,94111
20992,10,37.775678,-122.498076,1957,94122
10789,5,37.804566,-122.406353,1909,94111
25067,13,37.782258,-122.446952,1901,94115
8284,9,37.761934,-122.466158,1996,94122
15957,2,37.785804,-122.435572,1959,94115
26865,6,37.793504,-122.397998,1942,94104
25732,15,37.785814,-122.405765,1979,94108
4049,6,37.800176,-122.433045,1935,94123
22682,4,37.791798,-122.403464,1948,94104
5449,2,37.787387,-122.421809,1951,94109
18584,1,37.79746,-122.432519,1957,94123
7969,12,37.77384,-122.454495,1978,94118
5356,9,37.787535,-122.414287,1919,94109
23068,4,37.792914,-122.402347,1974,94104
5499,8,37.756205,-122.41882,1902,94110
27764,13,37.77652,-122.416428,1942,94102
16383,14,37.800156,-122.424379,1932,94109
16127,4,37.801009,-122.424404,1991,94109
14987,15,37.76496,-122.421051,1951,94110
10876,5,37.767927,-122.453293,1944,94117
20792,9,37.77406,-122.417448,1945,94102
21960,10,37.727839,-122.475609,1932,94132
29005,8,37.783944,-122.392476,1959,94105
22568,9,37.781322,-122.411457,1924,94103
22474,7,37.781914,-122.420715,1909,94102
25728,2,37.781595,-122.411106,1972,94103
23090,13,37.788203,-122.409138,1912,94108
15736,3,37.799187,-122.401181,1958,94104
17475,14,37.780779,-122.468192,1984,94118
10779,2,37.798974,-122.402345,1950,94104
19910,6,37.796956,-122.400739,1980,94104
5217,7,37.797622,-122.401151,1951,94104
11723,15,37.798901,-122.443842,1964,94123
10837,10,37.725983,-122.464114,1936,94127
6653,4,37.773343,-122.411073,1968,94103
19705,14,37.788302,-122.415892,1921,94109
23038,1,37.788262,-122.404853,1906,94104
24568,4,37.781127,-122.438992,1916,94115
24503,9,37.801317,-122.402387,1905,94104
24503,6,37.77101,-122.417347,1945,94102
14597,12,37.78265,-122.420862,2000,94102
13023,9,37.792807,-122.403137,1900,94104
23939,9,37.790077,-122.422193,1929,94109
1110,1,37.788129,-122.409722,1927,94108
14246,9,37.793184,-122.422829,1972,94109
3093,12,37.785992,-122.405546,1908,94108
12052,1,37.782557,-122.430887,1998,94102
27922,10,37.79475,-122.402557,1903,94104
11292,7,37.785854,-122.420103,1976,94109
24302,5,37.783455,-122.408761,1964,94103
11909,10,37.782752,-122.421896,1910,94102
21284,3,37.805948,-122.418343,1911,94111
14043,9,37.772913,-122.410568,1983,94103
2723,4,37.783141,-122.409161,1907,94103
16471,10,37.786868,-122.404444,1984,94104
5690,10,37.792712,-122.403884,1916,94104
4540,13,37.781251,-122.410359,1979,94103
14997,12,37.734008,-122.489805,1910,94116
6754,4,37.776248,-122.396074,1944,94158
6237,2,37.777725,-122.397294,1998,94158
26476,6,37.7668,-122.40765,1991,94103
4583,3,37.745808,-122.387234,1922,94124
28522,14,37.765138,-122.404546,1991,94158
7516,12,37.789182,-122.388988,1950,94105
6282,2,37.7396,-122.407389,1907,94110
29462,6,37.717541,-122.440214,1956,94112
22102,6,37.739558,-122.39905,1940,94124
5950,12,37.776358,-122.397494,1926,94158
29757,11,37.788336,-122.401582,1981,94104
9296,1,37.772194,-122.402172,1907,94158
18969,13,37.762517,-122.410188,1943,94110
11784,12,37.792016,-122.393407,1983,94105
28947,4,37.787401,-122.399045,1954,94105
4483,15,37.787787,-122.403281,1944,94104
7129,4,37.782439,-122.403748,1931,94103
6980,3,37.788793,-122.400804,1971,94104
8036,1,37.740479,-122.377465,1962,94124
1821,5,37.784103,-122.392258,1950,94105
29976,7,37.768011,-122.410724,1944,94103
1523,14,37.775833,-122.396612,1922,94158
8095,3,37.740159,-122.396834,1922,94124
27836,1,37.753827,-122.388864,1961,94107
7894,7,37.74039,-122.387213,1914,94124
14872,13,37.760401,-122.41135,1975,94110
16397,5,37.761481,-122.412015,1970,94110
28643,11,37.750152,-122.388989,1997,94107
18386,14,37.777683,-122.400452,1950,94103
18815,2,37.777173,-122.412806,1932,94103
15678,4,37.794249,-122.393261,1963,94105
11985,6,37.789936,-122.40057,1967,94104
12197,7,37.765474,-122.412753,1924,94103
1225,3,37.766863,-122.402807,1986,94158
10715,10,37.763123,-122.408707,1903,94158
1531,10,37.789942,-122.397764,1949,94105
27802,9,37.773006,-122.410679,2000,94103
17157,4,37.770407,-122.406562,1950,94103
25502,4,37.788118,-122.388518,1968,94105
5116,11,37.709373,-122.451023,1935,94112
28443,2,37.774991,-122.397672,1941,94158
5675,6,37.767649,-122.412554,1909,94103
13966,14,37.78899,-122.398556,1995,94105
29197,9,37.794493,-122.39368,1967,94105
14601,2,37.73648,-122.42432,1965,94110
2575,1,37.723299,-122.39206,1990,94124
21951,11,37.78766,-122.400729,1915,94104
18398,15,37.774276,-122.398578,1925,94158
3368,15,37.738946,-122.381383,1946,94124
17124,8,37.772639,-122.400663,1937,94158
7717,2,37.770476,-122.404477,1911,94103
16960,13,37.73979,-122.40441,1998,94110
26285,15,37.786862,-122.399236,1999,94105
4741,11,37.764972,-122.402612,1950,94158
1748,2,37.738345,-122.405396,1981,94110
22389,14,37.787183,-122.394643,1965,94105
7697,15,37.738588,-122.397368,1916,94124
6474,10,37.789588,-122.401001,1927,94104
16968,11,37.726941,-122.399939,1908,94134
18653,10,37.7611,-122.41005,1920,94110
14617,5,37.729571,-122.39458,1942,94124
18173,14,37.789501,-122.399121,1929,94104
14129,6,37.775422,-122.410604,1950,94103
25536,6,37.767376,-122.393487,1917,94158
22362,11,37.787101,-122.388416,1930,94105
7660,8,37.781252,-122.402157,1981,94103
18816,1,37.776078,-122.408702,1958,94103
21718,1,37.761991,-122.389625,1941,94107
22600,15,37.788691,-122.400667,1994,94104
30000,6,37.765632,-122.410113,1998,94103
2120,9,37.722623,-122.389234,1982,94124
15117,13,37.741685,-122.384055,1942,94124
17374,2,37.716722,-122.472098,1984,94132
29544,9,37.786113,-122.399086,1929,94105
18345,10,37.779603,-122.39492,1942,94105
8275,13,37.754814,-122.387021,1934,94107
16203,8,37.777879,-122.404836,1934,94103
12064,8,37.791265,-122.398881,1994,94104
22996,4,37.782272,-122.39156,1928,94105
21146,14,37.746557,-122.402838,1993,94110
24370,10,37.740613,-122.402057,1980,94110
6023,12,37.774201,-122.411076,1966,94103
22669,3,37.790953,-122.392069,1943,94105
27632,4,37.747252,-122.403229,1906,94110
28360,13,37.775319,-122.401632,1913,94103
26969,6,37.732035,-122.473929,1942,94116
18065,5,37.788353,-122.401603,1952,94104
20447,7,37.777416,-122.399821,1924,94103
18655,15,37.729682,-122.395385,1913,94124
17651,6,37.777337,-122.397787,1938,94158
19164,11,37.722888,-122.397758,1956,94134
14651,13,37.774778,-122.410334,1914,94103
22747,2,37.784886,-122.395892,1943,94105
2396,7,37.781283,-122.391383,1988,94105
4281,2,37.779901,-122.391451,1904,94105
17741,8,37.789199,-122.401485,1967,94104
3194,5,37.779251,-122.397693,1909,94103
20120,8,37.742237,-122.388192,1938,94124
20610,11,37.787894,-122.399937,1909,94104
6145,9,37.72693,-122.476134,1989,94132
16455,14,37.752482,-122.390669,1908,94158
3888,14,37.770675,-122.407763,1970,94103
24018,8,37.786801,-122.402692,1965,94104
24595,3,37.755669,-122.39098,1963,94158
10585,15,37.787661,-122.40073,1903,94104
17784,15,37.781912,-122.393251,1970,94105
19601,5,37.763071,-122.409756,1922,94110
23392,15,37.787005,-122.40107,1994,94104
2677,4,37.743105,-122.395315,1973,94124
28643,2,37.786911,-122.40119,1921,94104
22965,12,37.785193,-122.397161,1952,94105
3185,13,37.775598,-122.399997,1934,94103
29693,6,37.789685,-122.397439,1979,94105
9614,9,37.766143,-122.39785,1984,94158
16367,3,37.754422,-122.392819,1935,94158
12735,4,37.722277,-122.393604,1963,94134
5324,6,37.788035,-122.395386,1941,94105
2196,3,37.781052,-122.40241,1985,94103
7666,8,37.788197,-122.396439,1916,94105
14699,14,37.774314,-122.407848,1947,94103
26506,5,37.783424,-122.394075,1973,94105
17852,6,37.780541,-122.403741,1977,94103
5490,8,37.768492,-122.407822,1937,94103
20568,2,37.789717,-122.390551,1986,94105
8068,1,37.785822,-122.393261,1958,94105
29658,13,37.774857,-122.409924,1947,94103
24377,13,37.744644,-122.386386,1930,94124
15878,9,37.778736,-122.405336,1949,94103
27643,10,37.775635,-122.399951,1922,94158
29171,8,37.776226,-122.402771,1988,94103
9144,4,37.77747,-122.394518,1909,94158
25370,10,37.782219,-122.394688,1983,94105
7522,5,37.722053,-122.436798,1924,94112
4119,14,37.722076,-122.438318,1953,94112
20422,7,37.789676,-122.400891,1949,94104
10280,3,37.783888,-122.395721,1952,94105
26017,7,37.758116,-122.39122,1924,94158
20160,9,37.792436,-122.392197,1933,94105
25547,5,37.727591,-122.387988,1995,94124
20154,5,37.787194,-122.397707,1993,94105
15642,4,37.786642,-122.399513,1953,94105
2632,13,37.76849,-122.410772,1913,94103
10209,13,37.77943,-122.404465,1988,94103
9047,2,37.776815,-122.410871,1962,94103
4921,1,37.782223,-122.395797,1934,94105
13019,4,37.777184,-122.405614,1973,94103
6972,2,37.780953,-122.390963,1961,94105
27867,7,37.790405,-122.398347,1974,94104
14306,10,37.76663,-122.388098,1955,94107
8810,4,37.77861,-122.408585,1924,94103
10677,14,37.744615,-122.398279,1929,94110
17763,14,37.744579,-122.404263,1934,94110
17482,7,37.778304,-122.405882,1921,94103
2835,2,37.779134,-122.392416,1914,94158
21261,14,37.771669,-122.404961,1990,94103
3889,1,37.759688,-122.410927,1962,94110
3380,5,37.784344,-122.398234,1907,94105
27123,10,37.721279,-122.390194,1971,94124
15177,4,37.741118,-122.402948,1919,94110
23341,8,37.780267,-122.412239,1950,94103
2762,7,37.745446,-122.396085,1926,94110
29828,14,37.766566,-122.405667,1929,94158
11490,5,37.781011,-122.399899,1976,94103
12327,10,37.766714,-122.412537,1946,94103
25959,7,37.777153,-122.408369,1905,94103
14948,5,37.742149,-122.403633,1931,94110
11840,4,37.739569,-122.403317,1950,94110
4269,7,37.789127,-122.401577,1965,94104
25946,15,37.794096,-122.395301,1965,94105
13174,3,37.788573,-122.400509,1970,94104
29579,1,37.768684,-122.413453,2000,94103
22047,9,37.780501,-122.390681,1900,94105
13596,13,37.780436,-122.398052,1923,94105
15483,1,37.714922,-122.470442,1953,94132
15450,1,37.783555,-122.391943,1910,94105
15573,7,37.787396,-122.399038,1956,94105
23035,14,37.739463,-122.406903,1971,94110
6520,10,37.710679,-122.498198,1900,94132
15302,10,37.766392,-122.397475,1981,94158
14966,6,37.781706,-122.407783,1910,94103
13551,12,37.76762,-122.410687,1999,94103
3111,5,37.759824,-122.38943,1937,94107
9442,7,37.778721,-122.402251,1990,94103
12818,8,37.769469,-122.386329,1949,94107
25119,10,37.773428,-122.411175,1925,94103
20309,3,37.783263,-122.396518,1900,94105
12937,14,37.738368,-122.40197,1910,94110
1213,4,37.781491,-122.404946,1950,94103
27416,2,37.770721,-122.388535,1970,94107
15554,15,37.767828,-122.39405,1991,94158
22318,12,37.787282,-122.398892,1953,94105
15895,11,37.77613,-122.398205,2000,94158
2427,3,37.77869,-122.399176,1946,94103
22001,8,37.739411,-122.383765,1910,94124
16037,15,37.775729,-122.410995,1959,94103
6394,10,37.731424,-122.408968,1902,94134
15376,15,37.786723,-122.40144,1943,94104
24425,4,37.79149,-122.39626,1986,94105
9047,9,37.739211,-122.402382,1923,94110
9730,4,37.784906,-122.397525,1918,94105
29050,7,37.740387,-122.400537,1910,94110
26377,2,37.782625,-122.393071,1948,94105
9064,5,37.786393,-122.397763,1969,94105
28246,8,37.737302,-122.409084,1922,94110
20401,1,37.726959,-122.47744,1951,94132
3494,5,37.779344,-122.401463,1911,94103
17647,8,37.772048,-122.401996,1922,94158
24479,6,37.787453,-122.39631,1940,94105
21007,1,37.781853,-122.405392,1980,94103
14308,3,37.778746,-122.396002,1930,94158
1158,11,37.767169,-122.400266,1974,94158
11886,7,37.7871,-122.397826,1952,94105
1152,12,37.749785,-122.395949,1902,94110
12142,3,37.785972,-122.396162,1979,94105
3880,5,37.770265,-122.39975,1963,94158
1741,6,37.739193,-122.389021,1942,94124
18887,8,37.782345,-122.39147,1951,94105
15453,4,37.779376,-122.39343,1906,94158
18471,12,37.782619,-122.401891,1945,94103
18970,6,37.783522,-122.396184,1958,94105
4778,14,37.773994,-122.408825,1941,94103
1169,7,37.790742,-122.399546,1972,94104
28984,11,37.777361,-122.396184,1915,94158
2066,4,37.786733,-122.401426,1992,94104
25620,13,37.781996,-122.394974,1985,94105
11705,15,37.780801,-122.402728,2000,94103
25283,6,37.710535,-122.448085,1935,94112
24700,8,37.748862,-122.389348,1962,94124
13235,4,37.785344,-122.396972,1982,94105
27806,15,37.747048,-122.418943,1925,94110
8693,6,37.791839,-122.393182,1934,94105
15692,3,37.775505,-122.401863,1916,94103
5243,9,37.749849,-122.394912,1911,94110
7429,13,37.729138,-122.404234,1907,94134
14405,1,37.742567,-122.385897,1980,94124
14719,9,37.765365,-122.398711,1957,94158
27498,7,37.760791,-122.389513,1910,94107
20133,7,37.762455,-122.412113,1918,94110
18747,13,37.766104,-122.402034,1905,94158
2736,13,37.771272,-122.402341,1979,94158
21878,15,37.783701,-122.395959,1925,94105
9011,9,37.764437,-122.394757,1981,94158
13689,2,37.759335,-122.390342,1928,94107
8449,12,37.73401,-122.489774,1909,94116
13900,15,37.775564,-122.397509,1915,94158
28292,10,37.766007,-122.39977,1998,94158
16711,2,37.749105,-122.385993,1904,94124
19982,13,37.787701,-122.399413,1953,94105
19323,9,37.790081,-122.397938,1910,94105
25661,15,37.773712,-122.402387,1921,94103
16887,14,37.773624,-122.405613,1922,94103
12999,12,37.765277,-122.39455,1915,94158
4777,7,37.7252,-122.394276,1955,94124
2027,1,37.782988,-122.39352,1938,94105
7118,7,37.780512,-122.40929,1932,94103
9696,6,37.782117,-122.39482,1926,94105
27253,5,37.75427,-122.390829,1958,94158
26776,13,37.780993,-122.392081,1951,94105
6955,11,37.77902,-122.410723,1910,94103
6648,12,37.787111,-122.400071,1951,94104
22872,5,37.781225,-122.392869,1922,94105
23826,6,37.792787,-122.394397,1955,94105
19086,3,37.777774,-122.394133,1952,94158
14644,5,37.749674,-122.397767,1923,94110
23900,8,37.776931,-122.40809,1925,94103
20764,9,37.786374,-122.399179,1908,94105
22246,15,37.789118,-122.3984,1979,94105
22665,14,37.781406,-122.403037,1934,94103
9010,14,37.792153,-122.394552,1965,94105
18863,8,37.777359,-122.408628,1988,94103
16882,11,37.766407,-122.397191,1961,94158
12337,11,37.765914,-122.398787,1960,94158
8506,10,37.794096,-122.395301,1958,94105
7005,9,37.760496,-122.40968,1921,94110
9271,2,37.782601,-122.394191,1960,94105
26408,8,37.765535,-122.411696,1988,94103
18076,3,37.788688,-122.398943,1906,94105
21089,10,37.784424,-122.398133,1999,94105
9076,5,37.740971,-122.390309,1907,94124
13804,12,37.782262,-122.400875,1998,94103
11034,9,37.788554,-122.399113,1923,94105
11220,12,37.758756,-122.391275,1945,94158
27343,15,37.788773,-122.394552,1927,94105
19749,5,37.787823,-122.39691,1967,94105
17805,7,37.780272,-122.390973,1918,94105
21936,2,37.751894,-122.38962,1921,94107
4273,4,37.745955,-122.388644,1962,94124
14275,5,37.781066,-122.393073,1941,94105
7968,10,37.768995,-122.395454,1976,94158
9223,11,37.736074,-122.390166,1939,94124
22475,14,37.771542,-122.401333,1990,94158
21609,6,37.779568,-122.393671,1995,94105
14580,6,37.782802,-122.390886,1989,94105
5824,11,37.788711,-122.395788,1979,94105
28662,13,37.712564,-122.451394,1922,94112
17339,6,37.795873,-122.39444,1948,94105
10059,2,37.773931,-122.399016,1989,94158
1900,2,37.769877,-122.402562,1908,94158
1605,13,37.786079,-122.39736,1989,94105
6483,9,37.78624,-122.397566,1963,94105
13228,10,37.780435,-122.393865,1990,94105
29842,5,37.750084,-122.39339,1965,94158
21286,1,37.779081,-122.39748,1975,94103
20580,9,37.766664,-122.410585,1951,94103
18859,3,37.780632,-122.406029,1945,94103
28422,6,37.742479,-122.384541,1927,94124
14993,6,37.743283,-122.421372,1908,94110
27614,6,37.7396,-122.401011,1918,94110
19234,5,37.788984,-122.398564,1948,94105
23123,7,37.711257,-122.393181,1960,94134
9914,8,37.778474,-122.410044,1976,94103
14524,5,37.789931,-122.397359,1926,94105
17700,3,37.780446,-122.408065,1927,94103
4615,11,37.748191,-122.402399,1991,94110
22877,5,37.753282,-122.406312,1900,94110
4328,11,37.777357,-122.410173,1955,94103
28508,8,37.760937,-122.411971,1978,94110
23262,7,37.766154,-122.401261,1947,94158
5677,8,37.781326,-122.395835,1975,94105
28719,13,37.761921,-122.407568,1959,94158
21585,12,37.776464,-122.395792,1942,94158
8851,10,37.762688,-122.410205,1981,94110
4691,14,37.768248,-122.409599,1913,94103
5788,12,37.77794,-122.396045,1959,94158
29874,8,37.764194,-122.401555,1931,94158
16687,1,37.786982,-122.398518,1924,94105
18642,6,37.761207,-122.40712,1927,94110
1933,3,37.760364,-122.412055,1961,94110
18760,4,37.781351,-122.402031,1983,94103
16238,3,37.774948,-122.399301,1947,94158
20357,2,37.788893,-122.40187,1905,94104
24678,2,37.78042,-122.396973,1928,94105
7089,5,37.790626,-122.396479,1960,94105
17694,3,37.789592,-122.394675,1910,94105
2152,14,37.779322,-122.390481,1915,94107
19159,4,37.75376,-122.387922,1937,94107
11094,10,37.713959,-122.475244,1914,94132
25601,11,37.710095,-122.392951,1948,94134
4322,5,37.763678,-122.408393,1974,94158
25231,9,37.779258,-122.407778,1947,94103
21898,15,37.790171,-122.400265,1944,94104
28606,15,37.739203,-122.381836,1929,94124
27749,3,37.788442,-122.390677,1950,94105
5694,1,37.739078,-122.398223,1932,94124
22379,1,37.780846,-122.393352,1940,94105
12639,13,37.787183,-122.400159,1967,94104
7063,7,37.783879,-122.394627,1994,94105
15705,11,37.74054,-122.397487,1915,94124
10571,7,37.750215,-122.402829,1962,94110
27509,3,37.790199,-122.398089,1977,94105
6300,8,37.779692,-122.393827,1944,94105
22621,2,37.780427,-122.406291,1924,94103
11103,11,37.786963,-122.398493,1996,94105
20740,13,37.787679,-122.40021,1962,94104
27928,14,37.791261,-122.394215,1979,94105
14857,9,37.785418,-122.396879,1936,94105
23492,15,37.79114,-122.392723,1999,94105
13099,14,37.717454,-122.4725,1980,94132
2052,11,37.787512,-122.399183,1959,94105
17843,14,37.788757,-122.400756,1911,94104
9701,7,37.730801,-122.471237,1925,94127
13129,10,37.754499,-122.389912,1990,94107
22548,15,37.723469,-122.387315,1985,94124
23751,2,37.774874,-122.41021,1931,94103
13346,11,37.78807,-122.401247,1988,94104
10800,15,37.780602,-122.394973,1912,94105
16766,8,37.762628,-122.401399,1954,94158
22899,1,37.783937,-122.398749,1957,94105
13355,9,37.785538,-122.401137,1959,94104
4334,5,37.780778,-122.405842,1936,94103
12320,3,37.782757,-122.393234,1950,94105
8949,5,37.781904,-122.393263,1977,94105
22325,14,37.768344,-122.403888,1944,94158
7576,11,37.766036,-122.40321,1973,94158
6011,15,37.751056,-122.388592,1947,94107
23653,6,37.736731,-122.403817,1930,94134
15590,13,37.711198,-122.391798,1908,94134
13255,15,37.740499,-122.404225,1946,94110
6947,13,37.764456,-122.4081,1902,94158
12435,6,37.741356,-122.404995,1914,94110
29474,5,37.774598,-122.398167,1907,94158
24901,12,37.742597,-122.400083,1962,94110
29094,15,37.763684,-122.399445,1973,94158
12209,8,37.794249,-122.393261,1928,94105
3947,14,37.765692,-122.403628,1940,94158
15348,6,37.762169,-122.412827,1960,94110
1555,5,37.726982,-122.400098,1951,94134
14496,6,37.745547,-122.389613,1957,94124
1134,8,37.724878,-122.38821,1910,94124
17875,15,37.779277,-122.397725,1947,94103
22780,4,37.747031,-122.398823,1917,94110
20533,9,37.766195,-122.407591,1923,94158
13345,12,37.740737,-122.384537,1993,94124
19717,13,37.765637,-122.401678,1940,94158
18011,12,37.779406,-122.395171,1986,94105
11328,4,37.764947,-122.403547,1915,94158
28637,5,37.735799,-122.406579,1961,94134
26736,14,37.792839,-122.39269,1952,94105
29409,6,37.759285,-122.388523,1983,94107
9617,6,37.776944,-122.391897,1931,94158
21690,6,37.785335,-122.398671,1980,94105
18843,7,37.748845,-122.415926,1935,94110
18104,9,37.721123,-122.389911,1917,94124
8914,5,37.782294,-122.39704,1913,94105
10860,8,37.786302,-122.399955,1997,94105
3476,4,37.747998,-122.39649,1933,94110
27062,12,37.786971,-122.394912,1904,94105
5222,14,37.762008,-122.390608,1931,94158
19834,5,37.779257,-122.39847,1942,94103
12653,11,37.775798,-122.397799,1954,94158
26853,2,37.720366,-122.438075,1921,94112
24233,15,37.792119,-122.397791,1951,94104
26348,8,37.774088,-122.412019,1980,94103
1340,3,37.775052,-122.40129,1903,94103
11431,15,37.781127,-122.39561,1909,94105
2706,11,37.723812,-122.388777,1931,94124
13596,15,37.720935,-122.437642,1993,94112
24343,6,37.79219,-122.39363,1909,94105
19415,8,37.728913,-122.392869,1915,94124
22917,5,37.792896,-122.396801,1970,94105
28068,6,37.748481,-122.394614,1922,94110
26757,15,37.779817,-122.393983,1993,94105
24989,9,37.769092,-122.410835,1927,94103
29131,12,37.774614,-122.409621,1934,94103
1836,5,37.725286,-122.385598,1901,94124
9383,14,37.787733,-122.399452,1977,94105
10977,5,37.786286,-122.392666,1946,94105
10911,9,37.723008,-122.443872,1921,94112
2379,8,37.772773,-122.403572,1928,94103
5368,1,37.766729,-122.402803,1917,94158
15123,6,37.792667,-122.39248,1926,94105
19052,13,37.709845,-122.449639,1961,94112
20490,12,37.742163,-122.388003,1949,94124
11354,1,37.776302,-122.399103,1989,94158
28662,1,37.772246,-122.404227,1967,94103
8004,4,37.786354,-122.40509,1949,94104
10837,9,37.781226,-122.392869,1952,94105
27839,12,37.764041,-122.455934,1968,94114
1094,14,37.737037,-122.40384,1977,94134
17413,9,37.744453,-122.404311,1965,94110
21606,15,37.775605,-122.406426,1987,94103
11357,9,37.788955,-122.395477,1979,94105
23243,12,37.780679,-122.396637,1942,94105
18899,10,37.785621,-122.393508,1996,94105
8710,15,37.792355,-122.393839,1975,94105
16581,1,37.794292,-122.393334,1985,94105
17959,14,37.795835,-122.394404,1905,94105
9656,9,37.764584,-122.405974,1952,94158
11401,6,37.761508,-122.41009,1916,94110
14105,10,37.786898,-122.401207,1989,94104
22045,3,37.744252,-122.385672,1985,94124
17063,6,37.782648,-122.403488,1928,94103
28368,6,37.731143,-122.476564,1921,94116
2671,11,37.781347,-122.403113,1946,94103
23624,14,37.743826,-122.389935,1976,94124
17660,12,37.712092,-122.451984,1955,94112
22636,15,37.728721,-122.394973,1930,94124
2795,7,37.74261,-122.385392,1977,94124
25497,8,37.740064,-122.401281,1974,94110
10149,6,37.765224,-122.39528,1902,94158
28735,3,37.781359,-122.391479,1958,94105
7931,15,37.778143,-122.412294,1910,94103
1978,12,37.741302,-122.387138,1958,94124
14168,2,37.78037,-122.390849,1935,94105
3185,11,37.764156,-122.391778,1970,94158
11727,2,37.752954,-122.392666,1909,94158
11009,14,37.786433,-122.398682,1947,94105
11684,3,37.779772,-122.400924,1948,94103
28944,4,37.767909,-122.401905,1920,94158
23181,10,37.735786,-122.390266,1901,94124
6994,13,37.77982,-122.391555,1912,94105
19521,5,37.739862,-122.385632,1906,94124
6720,2,37.782012,-122.404278,1916,94103
21865,5,37.754784,-122.390877,1957,94158
7698,12,37.750417,-122.384781,1989,94107
11634,6,37.751002,-122.387534,1996,94107
20013,10,37.759783,-122.412581,1960,94110
11432,10,37.774553,-122.408627,1943,94103
16519,7,37.723216,-122.439059,1945,94112
1520,7,37.746288,-122.402619,1924,94110
6573,12,37.776729,-122.39701,1921,94158
29290,1,37.782457,-122.406825,1945,94103
18206,9,37.764465,-122.407946,1966,94158
9617,2,37.776049,-122.396334,1942,94158
26204,3,37.728751,-122.398462,1970,94134
7512,1,37.782912,-122.393426,1923,94105
6152,3,37.782035,-122.392323,1977,94105
9130,1,37.781897,-122.398229,1977,94105
10553,14,37.761902,-122.407886,1961,94110
4105,10,37.785661,-122.396848,1930,94105
23369,14,37.755841,-122.389065,1908,94107
12849,13,37.781655,-122.392324,1961,94105
28326,10,37.791438,-122.392671,1935,94105
19327,13,37.725739,-122.401555,1964,94134
29232,14,37.775615,-122.412376,1933,94103
6899,14,37.775646,-122.413994,1912,94103
21717,3,37.790226,-122.392906,1916,94105
1618,14,37.778032,-122.412427,1958,94103
16692,7,37.741535,-122.389173,1912,94124
17206,13,37.783077,-122.398043,1924,94105
29284,6,37.730043,-122.477361,1921,94116
25124,7,37.790956,-122.397349,1933,94105
28890,5,37.767378,-122.402328,1963,94158
29122,8,37.785047,-122.398314,1929,94105
13428,2,37.789602,-122.399835,1904,94104
28942,6,37.78257,-122.403585,1937,94103
26413,13,37.776278,-122.402837,1961,94103
3920,8,37.76718,-122.406204,1948,94158
20049,12,37.791577,-122.39848,1942,94104
6090,6,37.738919,-122.382858,1917,94124
13761,7,37.768695,-122.40246,1999,94158
18227,11,37.766934,-122.406648,1925,94158
9267,12,37.787125,-122.400916,1946,94104
6644,14,37.784695,-122.400086,1948,94105
6812,8,37.768104,-122.407782,1980,94103
22286,8,37.742053,-122.405893,1901,94110
23232,9,37.723633,-122.438404,1915,94112
29814,4,37.789948,-122.392562,1919,94105
5983,3,37.720004,-122.438349,1931,94112
13563,7,37.775957,-122.411281,1938,94103
2353,6,37.764537,-122.412325,1950,94103
17740,9,37.771983,-122.406262,1944,94103
8036,6,37.78857,-122.400505,1965,94104
18406,2,37.737945,-122.396239,1927,94124
15214,10,37.786552,-122.39797,1948,94105
21186,11,37.767893,-122.406752,1925,94103
12510,7,37.766755,-122.403721,1954,94158
20005,7,37.725431,-122.418001,1956,94134
1952,3,37.779082,-122.393056,1904,94158
20343,15,37.745321,-122.389207,1970,94124
1936,10,37.774562,-122.407527,1990,94103
8569,14,37.785018,-122.397382,1956,94105
12217,7,37.780157,-122.406635,1948,94103
5562,15,37.734099,-122.412133,1903,94134
23626,5,37.746791,-122.419109,1922,94110
28461,14,37.771108,-122.402548,1943,94158
4946,3,37.763829,-122.412256,1933,94110
9397,6,37.790019,-122.397861,1993,94105
20721,2,37.732057,-122.389842,1981,94124
25527,5,37.783654,-122.391823,1929,94105
27456,14,37.76727,-122.397416,1921,94158
11640,3,37.791839,-122.393182,1963,94105
17672,15,37.721932,-122.391344,1901,94124
21261,5,37.7749,-122.397787,1966,94158
25573,9,37.744452,-122.399369,1989,94110
13940,7,37.777492,-122.39549,1990,94158
18297,2,37.776703,-122.414121,1974,94103
24064,5,37.766063,-122.402745,1961,94158
17789,12,37.741176,-122.406687,1950,94110
18529,14,37.780828,-122.393374,1942,94105
6002,9,37.779598,-122.391837,1914,94158
3798,11,37.765156,-122.397258,1905,94158
8004,15,37.723711,-122.389472,1971,94124
21144,3,37.74757,-122.396272,1935,94110
27291,11,37.75014,-122.418243,1916,94110
29306,14,37.754757,-122.388028,1958,94107
28850,14,37.789053,-122.389147,1988,94105
26438,8,37.79339,-122.392993,1997,94105
28883,14,37.739726,-122.38433,1986,94124
11460,1,37.787553,-122.398377,1970,94105
26982,10,37.787669,-122.397105,1911,94105
27858,13,37.787987,-122.403025,1976,94104
1585,4,37.787314,-122.398933,1944,94105
12459,2,37.755723,-122.392931,1914,94158
13626,13,37.781072,-122.405471,1917,94103
1553,9,37.761844,-122.408795,1912,94110
19263,15,37.782764,-122.393242,1913,94105
16906,9,37.77237,-122.407177,1964,94103
21912,8,37.763027,-122.410575,1929,94110
2210,1,37.787792,-122.400066,1998,94104
21058,3,37.775106,-122.3991,1924,94158
12675,11,37.78524,-122.400772,1933,94104
7136,2,37.786347,-122.398792,1962,94105
5255,7,37.790768,-122.3971,1976,94105
15366,1,37.760519,-122.40934,1980,94110
1869,7,37.7787,-122.410322,1984,94103
8150,3,37.73864,-122.378268,1977,94124
5656,12,37.760899,-122.407092,1952,94110
28998,13,37.767853,-122.400901,1969,94158
28738,11,37.74525,-122.400812,1926,94110
29962,14,37.765491,-122.3968,1942,94158
18603,14,37.779753,-122.394729,1913,94105
13072,13,37.785714,-122.399578,1946,94105
10258,5,37.784179,-122.395004,1938,94105
24722,12,37.771787,-122.40918,1941,94103
18045,3,37.71506,-122.442151,1926,94112
15216,2,37.76156,-122.388582,1957,94107
12498,10,37.725644,-122.382872,1955,94124
2276,3,37.786821,-122.399725,1924,94105
6613,2,37.789763,-122.394463,1991,94105
10072,15,37.759057,-122.412025,1927,94110
14322,12,37.775496,-122.413805,1968,94103
15531,3,37.780982,-122.39318,1965,94105
20346,11,37.796302,-122.394836,1941,94105
21061,9,37.767573,-122.407733,1956,94103
15113,6,37.795272,-122.393895,1900,94105
15085,9,37.772073,-122.407567,1909,94103
16620,11,37.770443,-122.386429,1979,94107
10407,3,37.787654,-122.399355,1985,94105
17227,4,37.751064,-122.39641,1903,94110
13866,1,37.709287,-122.411949,1962,94134
17169,1,37.777196,-122.397967,1943,94158
6311,4,37.745808,-122.387234,2000,94124
19968,3,37.788553,-122.389768,1990,94105
24077,11,37.779256,-122.393278,1906,94158
12682,14,37.789892,-122.399479,1965,94104
24021,1,37.762104,-122.409198,1995,94110
22957,12,37.762732,-122.388791,1957,94107
1179,3,37.728607,-122.394769,1994,94124
4978,1,37.791663,-122.395179,1970,94105
2672,9,37.764709,-122.394784,1981,94158
16910,6,37.761477,-122.389571,1948,94107
6331,6,37.740089,-122.383408,1942,94124
4958,8,37.788225,-122.400065,1948,94104
17985,1,37.74184,-122.406229,1997,94110
26534,5,37.785583,-122.399747,1900,94105
27698,5,37.745808,-122.387234,1958,94124
16493,8,37.787093,-122.398655,1946,94105
3855,4,37.769163,-122.403954,1947,94158
26449,14,37.784171,-122.39722,1948,94105
7145,13,37.767522,-122.400128,1935,94158
7409,9,37.773112,-122.404401,1920,94103
6951,14,37.792937,-122.39281,1985,94105
13113,15,37.770296,-122.404137,1928,94158
27377,14,37.723933,-122.389869,1998,94124
1207,13,37.784013,-122.403669,1993,94103
22769,15,37.781801,-122.40454,1925,94103
15832,8,37.709711,-122.451274,2000,94112
15983,1,37.768716,-122.410795,1968,94103
12769,10,37.721344,-122.436702,1921,94112
26330,4,37.749635,-122.387438,1982,94107
13434,12,37.749839,-122.395088,1910,94110
23587,15,37.767522,-122.400128,1919,94158
11345,4,37.765891,-122.388037,1900,94107
21545,15,37.773326,-122.402872,1985,94103
1092,15,37.783277,-122.393887,1937,94105
16944,14,37.78955,-122.39553,1925,94105
4282,3,37.730071,-122.478464,1901,94116
